"2021/06/12 22:51:16",A,,1人,"3,000"
"2021/06/12 22:51:50",A太郎,test@test.com,1人,"3,000"
"2021/06/12 23:02:24",A太郎,test@test.com,1人,"3,000"
"2021/06/12 23:21:16",いろはにほへと,test@test.com,4人,"6,000"
"2021/06/12 23:37:10",,,1人,"3,000"
"2021/06/12 23:38:55",,,1人,"3,000"
"2021/06/12 23:42:52",,,1人,"3,000"
"2021/06/12 23:43:01",A太郎,test@test.com,1人,"3,000"
"2021/06/12 23:43:11",A太郎,test@test.com,1人,"3,000"
"2021/06/12 23:50:53",A太郎,test@test.com,1人,"3,000"
"2021/06/12 23:52:33",A太郎,test@test.com,1人,"3,000"
"2021/06/12 23:56:12",A太郎,test@test.com,1人,"3,000"
"2021/06/13 00:01:25",A太郎,test@test.com,1人,"3,000"
"2021/06/13 00:06:38",A太郎さん,test@test.com,1人,"3,000"
"2021/06/13 00:09:47",A太郎さん,test@test.com,1人,"3,000"
"2021/06/13 00:10:28",A太郎,test@test.com,1人,"3,000"
"2021/06/13 00:48",B次郎,test@test.com,5人,"10,000"
"2021/06/13 00:51",B次郎,test@test.com,5人,"10,000"
